{"cameraMode":{"drawMode":0,"name":"Shaded","section":"Shading Mode"},"sceneLighting":true,"audioPlay":false,"sceneViewState":{"showFog":false,"showMaterialUpdate":false,"showSkybox":false,"showFlares":false,"showImageEffects":false,"showParticleSystems":false},"in2DMode":false,"pivot":{"x":563.4220581054688,"y":222.9766845703125,"z":105.27053833007813},"rotation":{"x":-0.07373905926942826,"y":-0.009875765070319176,"z":0.0007302140002138913,"w":-0.9972288012504578},"size":1353.721435546875,"orthographic":false}